Objects, 1
Object:, First Vertice:, Vertices:, First Triangle:, Triangles:
Plane.007, 1, 4, 1, 2, none

Vertices, 4
Vertice:, X:, Y:, Z:
1, -0.5224301889538765, -0.7238720841705799, 1.2086115770507604
2, -0.5224301889538765, -0.7878032736480236, 1.2056447572540492
3, -0.5864301919937134, -0.7878032699227333, 1.2056447573704645
4, -0.5864301770925522, -0.7238720692694187, 1.2086115777492523

Triangles, 2
Triangle:, Side1:, Side2:, Side3:
1, 1, 2, 3
2, 1, 3, 4

Colors, 2
Triangle:, Red:, Green:, Blue:
1, 28, 34, 59
2, 28, 34, 59

Textures, 1
UV Map Id:, Texture Wrapping, Texture_Path
0, 1, data/textures/plane.png

UVMaps, 2
Triangle:, UV Map Id:, vector1_uv_x, vector1_uv_y, vector2_uv_x, vector2_uv_y, vector3_uv_x, vector3_uv_x
1, 0, 0.00000000, 0.00000000, 0.00000000, 1.00000000, 1.00000000, 1.00000000
2, 0, 0.00000000, 0.00000000, 1.00000000, 1.00000000, 1.00000000, 0.00000000
