Objects, 1
Object:, First Vertice:, Vertices:, First Triangle:, Triangles:
Plane.007, 1, 4, 1, 2, none

Vertices, 4
Vertice:, X:, Y:, Z:
1, -0.44739071279764175, -0.6489407010376453, 1.2202913456130773
2, -0.44739071279764175, -0.712871890515089, 1.217324525816366
3, -0.5113907158374786, -0.7128718867897987, 1.2173245259327814
4, -0.5113907009363174, -0.6489406861364841, 1.2202913463115692

Triangles, 2
Triangle:, Side1:, Side2:, Side3:
1, 1, 2, 3
2, 1, 3, 4

Colors, 2
Triangle:, Red:, Green:, Blue:
1, 28, 34, 59
2, 28, 34, 59

Textures, 1
UV Map Id:, Texture Wrapping, Texture_Path
0, 1, data/textures/plane.png

UVMaps, 2
Triangle:, UV Map Id:, vector1_uv_x, vector1_uv_y, vector2_uv_x, vector2_uv_y, vector3_uv_x, vector3_uv_x
1, 0, 0.00000000, 0.00000000, 0.00000000, 1.00000000, 1.00000000, 1.00000000
2, 0, 0.00000000, 0.00000000, 1.00000000, 1.00000000, 1.00000000, 0.00000000
